{"filter":false,"title":"image.1.json","tooltip":"/image.1.json","undoManager":{"mark":14,"position":14,"stack":[[{"start":{"row":1,"column":6},"end":{"row":1,"column":7},"action":"remove","lines":["y"],"id":2},{"start":{"row":1,"column":5},"end":{"row":1,"column":6},"action":"remove","lines":["e"]}],[{"start":{"row":1,"column":5},"end":{"row":1,"column":6},"action":"insert","lines":["o"],"id":3},{"start":{"row":1,"column":6},"end":{"row":1,"column":7},"action":"insert","lines":["k"]},{"start":{"row":1,"column":7},"end":{"row":1,"column":8},"action":"insert","lines":["a"]},{"start":{"row":1,"column":8},"end":{"row":1,"column":9},"action":"insert","lines":["i"]}],[{"start":{"row":1,"column":8},"end":{"row":1,"column":9},"action":"remove","lines":["i"],"id":4}],[{"start":{"row":1,"column":8},"end":{"row":1,"column":9},"action":"insert","lines":["m"],"id":5},{"start":{"row":1,"column":9},"end":{"row":1,"column":10},"action":"insert","lines":["i"]}],[{"start":{"row":1,"column":14},"end":{"row":1,"column":42},"action":"remove","lines":["/tmp/linepy-1553973098-6.bin"],"id":6}],[{"start":{"row":1,"column":16},"end":{"row":2,"column":43},"action":"remove","lines":["","    \"gdxdi\": \"/tmp/linepy-1527853926-8.bin\""],"id":7},{"start":{"row":1,"column":15},"end":{"row":1,"column":16},"action":"remove","lines":[","]},{"start":{"row":1,"column":14},"end":{"row":1,"column":15},"action":"remove","lines":["\""]},{"start":{"row":1,"column":13},"end":{"row":1,"column":14},"action":"remove","lines":["\""]},{"start":{"row":1,"column":12},"end":{"row":1,"column":13},"action":"remove","lines":[" "]},{"start":{"row":1,"column":11},"end":{"row":1,"column":12},"action":"remove","lines":[":"]},{"start":{"row":1,"column":10},"end":{"row":1,"column":11},"action":"remove","lines":["\""]},{"start":{"row":1,"column":9},"end":{"row":1,"column":10},"action":"remove","lines":["i"]},{"start":{"row":1,"column":8},"end":{"row":1,"column":9},"action":"remove","lines":["m"]},{"start":{"row":1,"column":7},"end":{"row":1,"column":8},"action":"remove","lines":["a"]}],[{"start":{"row":1,"column":6},"end":{"row":1,"column":7},"action":"remove","lines":["k"],"id":8},{"start":{"row":1,"column":5},"end":{"row":1,"column":6},"action":"remove","lines":["o"]},{"start":{"row":1,"column":4},"end":{"row":1,"column":5},"action":"remove","lines":["\""]}],[{"start":{"row":1,"column":4},"end":{"row":2,"column":0},"action":"insert","lines":["",""],"id":9},{"start":{"row":2,"column":0},"end":{"row":2,"column":4},"action":"insert","lines":["    "]}],[{"start":{"row":2,"column":0},"end":{"row":2,"column":4},"action":"remove","lines":["    "],"id":10},{"start":{"row":1,"column":4},"end":{"row":2,"column":0},"action":"remove","lines":["",""]}],[{"start":{"row":1,"column":4},"end":{"row":1,"column":6},"action":"insert","lines":["\"\""],"id":11}],[{"start":{"row":1,"column":5},"end":{"row":1,"column":6},"action":"insert","lines":["o"],"id":12},{"start":{"row":1,"column":6},"end":{"row":1,"column":7},"action":"insert","lines":["o"]},{"start":{"row":1,"column":7},"end":{"row":1,"column":8},"action":"insert","lines":["k"]},{"start":{"row":1,"column":8},"end":{"row":1,"column":9},"action":"insert","lines":["a"]},{"start":{"row":1,"column":9},"end":{"row":1,"column":10},"action":"insert","lines":["m"]},{"start":{"row":1,"column":10},"end":{"row":1,"column":11},"action":"insert","lines":["i"]}],[{"start":{"row":1,"column":10},"end":{"row":1,"column":11},"action":"remove","lines":["i"],"id":13},{"start":{"row":1,"column":9},"end":{"row":1,"column":10},"action":"remove","lines":["m"]},{"start":{"row":1,"column":8},"end":{"row":1,"column":9},"action":"remove","lines":["a"]},{"start":{"row":1,"column":7},"end":{"row":1,"column":8},"action":"remove","lines":["k"]},{"start":{"row":1,"column":6},"end":{"row":1,"column":7},"action":"remove","lines":["o"]},{"start":{"row":1,"column":5},"end":{"row":1,"column":6},"action":"remove","lines":["o"]}],[{"start":{"row":1,"column":5},"end":{"row":1,"column":6},"action":"insert","lines":["1"],"id":14}],[{"start":{"row":1,"column":5},"end":{"row":1,"column":6},"action":"remove","lines":["1"],"id":15}],[{"start":{"row":1,"column":5},"end":{"row":1,"column":6},"action":"insert","lines":["o"],"id":16},{"start":{"row":1,"column":6},"end":{"row":1,"column":7},"action":"insert","lines":["o"]},{"start":{"row":1,"column":7},"end":{"row":1,"column":8},"action":"insert","lines":["k"]},{"start":{"row":1,"column":8},"end":{"row":1,"column":9},"action":"insert","lines":["a"]},{"start":{"row":1,"column":9},"end":{"row":1,"column":10},"action":"insert","lines":["m"]},{"start":{"row":1,"column":10},"end":{"row":1,"column":11},"action":"insert","lines":["i"]}]]},"ace":{"folds":[],"scrolltop":0,"scrollleft":0,"selection":{"start":{"row":1,"column":12},"end":{"row":1,"column":12},"isBackwards":false},"options":{"guessTabSize":true,"useWrapMode":false,"wrapToView":true},"firstLineState":0},"timestamp":1554163980746,"hash":"6e0bab45cda2680f84ada08ae7a11a04ea119702"}