{
    "1": {
        "STKID": "14875050",
        "STKPKGID": "1380280"
    },
    "a": {
        "STKID": "17822874",
        "STKPKGID": "1482011"
    },
    "ayam": {
        "STKID": "14875057",
        "STKPKGID": "1380280"
    },
    "b": {
        "STKID": "14904527",
        "STKPKGID": "7934"
    },
    "c": {
        "STKID": "14904528",
        "STKPKGID": "7934"
    },
    "d": {
        "STKID": "8188465",
        "STKPKGID": "1201529"
    },
    "e": {
        "STKID": "17822854",
        "STKPKGID": "1482011"
    },
    "ey": "/tmp/linepy-1553973098-6.bin",
    "f": {
        "STKID": "17822859",
        "STKPKGID": "1482011"
    },
    "g": {
        "STKID": "8188432",
        "STKPKGID": "1201529"
    },
    "gdxdi": "/tmp/linepy-1527853926-8.bin",
    "h": {
        "STKID": "8188436",
        "STKPKGID": "1201529"
    },
    "i": {
        "STKID": "8188438",
        "STKPKGID": "1201529"
    },
    "j": {
        "STKID": "16027856",
        "STKPKGID": "8373"
    },
    "k": {
        "STKID": "8188461",
        "STKPKGID": "1201529"
    },
    "l": {
        "STKID": "17822844",
        "STKPKGID": "1482011"
    },
    "m": {
        "STKID": "14875061",
        "STKPKGID": "1380280"
    },
    "n": {
        "STKID": "17822876",
        "STKPKGID": "1482011"
    },
    "p": {
        "STKID": "14875039",
        "STKPKGID": "1380280"
    },
    "q": {
        "STKID": "20302016",
        "STKPKGID": "9428"
    },
    "r": {
        "STKID": "17822872",
        "STKPKGID": "1482011"
    },
    "s": {
        "STKID": "14904529",
        "STKPKGID": "7934"
    },
    "suf": {
        "STKID": "14875038",
        "STKPKGID": "1380280"
    },
    "t": {
        "STKID": "17822860",
        "STKPKGID": "1482011"
    },
    "u": {
        "STKID": "8188443",
        "STKPKGID": "1201529"
    },
    "v": {
        "STKID": "8188453",
        "STKPKGID": "1201529"
    },
    "w": {
        "STKID": "14904525",
        "STKPKGID": "7934"
    },
    "x": {
        "STKID": "14875046",
        "STKPKGID": "1380280"
    },
    "y": {
        "STKID": "32066339",
        "STKPKGID": "3096592"
    },
    "yusuf": {
        "STKID": "14875043",
        "STKPKGID": "1380280"
    },
    "z": {
        "STKID": "8188428",
        "STKPKGID": "1201529"
    }
}